<?xml version="1.0" encoding="utf-8"?>
<prefix name="followlist" label="Followers" language_tag="en" language_label="English"><key name="admin_plugin_required_notification"><value>&lt;b&gt;Followers&lt;/b&gt; requires for &lt;a href="{$pluginUrl}" target="_blank"&gt;Newsfeed&lt;/a&gt;</value></key><key name="hint_info"><value>Followers: &lt;a href="{$url}"&gt;{$count}&lt;/a&gt;</value></key><key name="hint_info_label"><value>Followers count</value></key><key name="hint_info_preview"><value>Followers: &lt;a href="javascript://"&gt;15&lt;/a&gt;</value></key><key name="privacy_action_view_followers"><value>View my followers</value></key><key name="quick_links_label"><value>My Followers</value></key><key name="snippet_label"><value>Followers: {$count}</value></key><key name="snippet_preview"><value>Followers</value></key><key name="user_followers_page_heading"><value>{$user}'s followers</value></key><key name="user_followers_page_title"><value>{$user}'s followers</value></key><key name="widget_empty"><value>No followers</value></key><key name="widget_settings_count"><value>Count</value></key><key name="widget_title"><value>Followers</value></key><key name="widget_view_all"><value>View all</value></key></prefix>
